{"train/kld_loss":0.003954766318202019,"train/l1_loss":0.0956127792596817,"train/steps":5000,"train/grad_norm":10.140872893333436,"_step":5000,"train/episodes":716.6532294186151,"train/update_s":0.25137372702360156,"_wandb":{"runtime":1474},"train/epochs":14.333064588372302,"_runtime":1474.22549444,"train/dataloading_s":0.03599093355354853,"train/samples":320000,"_timestamp":1.765083040913929e+09,"train/loss":0.1364425278827548,"train/lr":1.0000000000000021e-05}